{
    "j": {
        "default": {
            "path": "res/tiles/animated/jump_orb/idle.png",
            "delay": 10
        },
        "struck": {
            "path": "res/tiles/animated/jump_orb/struck.png",
            "delay": 10
        }
    },

    "g": {
        "default": {
            "path": "res/tiles/animated/gravity_orb/idle.png",
            "delay": 5
        },
        "struck": {
            "path": "res/tiles/animated/gravity_orb/struck.png",
            "delay": 10
        }
    },

    "c": {
        "default": {
            "path": "res/tiles/animated/crystal/idle.png",
            "delay": 8
        },
        "struck": {
            "path": "res/tiles/animated/crystal/collected.png",
            "delay": 10
        }
    },

    "m": {
        "default": {
            "path": "res/tiles/animated/gravity_button/normal.png",
            "delay": 10
        },
        "struck": {
            "path": "res/tiles/animated/gravity_button/pressed.png",
            "delay": 10
        }
    }
}