{
    "Ellipse": {
        "start": {
            "player": {"pos": [64, 144]},
            "ellipse": {"pos": [256, 144], "room": 0}
        },
        "time_commands": {
            "0": [
                "player controllable",
                "player jump not",
                "ellipse face left",
                "text create tutorialText",
                "text tutorialText move 192 20",
                "text tutorialText change Use A and D or LEFT and RIGHT to move!",
                "text tutorialText display",
                "run testMoved"
            ]
        },
        "conditionals": {
            "testMoved": "player x >= 120"
        },
        "cond_commands":{
            "testMoved": [
                "player uncontrollable",
                "player face right",
                "text create ellipse",
                "text ellipse change I am here to warn you...",
                "text ellipse move 264 120",
                "text ellipse display",

                "text create enterTutorial",
                "text enterTutorial change Press enter to continue through dialogue!",
                "text enterTutorial move 192 74",
                "text enterTutorial display",

                "wait step2"
            ],
            "step2": [
                "text enterTutorial hide",
                "text ellipse hide",
                "delay 30 step3"
            ],
            "step3": [
                "text ellipse change The Belloq are coming...",
                "text ellipse display",
                "wait step4"
            ],
            "step4": [
                "text ellipse hide",
                "ellipse walk right",
                "player controllable",
                "player jump can"
            ]
        }
    },

    "Corlen": {
        "backgroundAnim": {"path": "res/cutscenes/corlen's_house.png", "room": 1},
        "start": {
            "player": {"pos": [0, 192]},
            "ellipse": {"pos": [384, 192], "room": 1},
            "corlen": {"pos": [210, 192], "room": 0}
        },

        "time_commands": {
            "0": [
                "player jump not",
                "player controllable",
                "run corlenNotice"
            ]
        },
        "conditionals": {
            "corlenNotice": "player x > 90",
            "corlenStop": "corlen room == 1 and corlen x > 110",
            "playerMovingOn": "room == 1 and player x >= 20",
            "ellipseStop": "ellipse x < 320",
            "corlenBehindPlayer": "corlen x < 4",
            "corlenGoesBack": "corlen x > 110"
        },
        "cond_commands": {
            "corlenNotice": [
                "text create corlen",
                "text corlen color 252 227 3",
                "text corlen change !",
                "text corlen move 218 170",
                "text corlen display",

                "corlen face left",
                
                "player uncontrollable",
                "wait whoRU"
            ], "whoRU": [
                "text corlen change Who are you?",
                "wait noResponse..."
            ], "noResponse...": [
                "text corlen hide",
                "delay 60 turnRound"
            ], "turnRound": [
                "corlen face right",
                "delay 60 movingOn"
            ], "movingOn": [
                "corlen face left",
                "text corlen display",
                "text corlen change Not a big talker, huh?",
                "wait introducing"
            ], "introducing": [
                "text corlen change Well, uh, I'm Corlen.",
                "text corlen display",
                "wait randomHallway"
            ], "randomHallway": [
                "text corlen move 218 155",
                "text corlen change And this is a random\nhallway in the middle of nowhere.",
                "wait delayyy"
            ], "delayyy": [
                "text corlen hide",
                "delay 80 newRoundHere"
            ], "newRoundHere": [
                "text corlen display",
                "text corlen move 218 170",
                "text corlen change You're new around here, aren't you?",
                "wait newbieFight"
            ], "newbieFight": [
                "text corlen change Only a newbie would fight the Belloq like that.",
                "wait saysNothing"
            ], "saysNothing": [
                "text corlen hide",
                "delay 90 ropes"
            ], "ropes": [
                "text corlen change Oh well, guess I'll show you the ropes.",
                "text corlen display",
                "wait follow"
            ], "follow": [
                "text corlen change Follow me.",
                "wait allowFollow"
            ], "allowFollow": [
                "text corlen hide",
                "corlen walk right",
                "player controllable",
                "run corlenStop",
                "run playerMovingOn"
            ],

            "corlenStop": [
                "corlen face left",
                "corlen walk still"
            ],
            
            "playerMovingOn": [
                "player uncontrollable",
                "text corlen move 118 170",
                "text corlen change This is my humble abode.",
                "text corlen display",
                "wait notMuch"
            ], "notMuch": [
                "text corlen move 118 155",
                "text corlen change It's not much, but\nit's enough for me.",
                "wait silence."
            ], "silence.": [
                "text corlen hide",
                "delay 60 thinking"
            ], "thinking": [
                "text corlen display",
                "text corlen change You may be thinking, \n\"What is this place?\"",
                "wait assuming"
            ], "assuming": [
                "text corlen change I'm assuming you're thinking that\nbecause you haven't said a word yet.",
                "wait goodQuestion"
            ], "goodQuestion": [
                "text corlen move 118 170",
                "text corlen change That's a good question.",
                "wait dunnoMan"
            ], "dunnoMan": [
                "text corlen change But I don't know either.",
                "wait noOneElse"
            ], "noOneElse": [
                "text corlen move 118 155",
                "text corlen change There's no one else around\nbesides you and me,",
                "wait allTheRest"
            ], "allTheRest": [
                "text corlen change and those crazy monsters\ncalled the Belloq.",
                "wait ellipseAppears"
            ], "ellipseAppears": [
                "ellipse walk left",
                "run ellipseStop",
                "delay 60 AHHHHH"
            ], 
            
            "ellipseStop": ["ellipse walk still"],

            "AHHHHH": [
                "text corlen move 118 170",
                "text corlen change AHHHHH A BELLOQ!",
                "corlen face right",
                "wait careful"
            ], "careful": [
                "text corlen move 118 155",
                "text corlen change Be careful, Belloq are very dangerous.\nWe should get out of here quickly!",
                "wait ellipseTalked!"
            ], "ellipseTalked!": [
                "text create ellipse",
                "text ellipse change ...",
                "text ellipse color 255 255 255",
                "text ellipse move 328 170",
                "text ellipse display",
                "text corlen hide",
                "wait itTalked"
            ], "itTalked": [
                "text ellipse hide",
                "text corlen display",
                "text corlen move 118 170",
                "text corlen change It talked!",
                "wait corlenMove"
            ], "corlenMove": [
                "text corlen hide",
                "corlen walk left",
                "run corlenBehindPlayer"
            ],

            "corlenBehindPlayer": [
                "corlen walk still",
                "corlen face right",
                "delay 20 moreDots"
            ],

            "moreDots": [
                "text ellipse display",
                "wait hmm"
            ], "hmm": [
                "text ellipse hide",
                "text corlen display",
                "text corlen move 20 170",
                "text corlen change Hmm...",
                "wait moveRight"
            ], "moveRight": [
                "text corlen hide",
                "corlen walk right",
                "run corlenGoesBack"
            ],
            
            "corlenGoesBack": [
                "corlen walk still",
                "text corlen move 118 170",
                "text corlen display",
                "text corlen change Maybe you aren't a Belloq after all.",
                "wait oneOfUs"
            ], "oneOfUs": [
                "corlen face left",
                "text corlen change If it can talk, maybe it's one of us!",
                "wait ellipseSayEllipse"
            ], "ellipseSayEllipse": [
                "corlen face right",
                "text ellipse display",
                "text corlen hide",
                "wait namingEllipse"
            ], "namingEllipse": [
                "text ellipse hide",
                "text corlen display",
                "text corlen move 118 155",
                "text corlen change I think I'm going to call\nyou... Ellipse!",
                "wait greatIdeaRight?"
            ], "greatIdeaRight?": [
                "text corlen move 118 170",
                "text corlen change What a great nickname, right Ellipse?",
                "wait ellipseResponds"
            ], "ellipseResponds": [
                "text corlen hide",
                "text ellipse display",
                "wait youKnowWhat?"
            ], "youKnowWhat?": [
                "text ellipse hide",
                "text corlen change You know what?",
                "text corlen display",
                "wait switchDirs"
            ], "switchDirs": [
                "corlen face left",
                "delay 20 faceyRight"
            ], "faceyRight": [
                "corlen face right",
                "delay 40 makeGoodTeam"
            ], "makeGoodTeam": [
                "text corlen change We could make a good team,",
                "wait names"
            ], "names": [
                "text corlen change Corlen, Ellipse, and a weird human!",
                "wait faceLeft"
            ], "faceLeft": [
                "corlen face left",
                "delay 30 sickOfHouse"
            ], "sickOfHouse": [
                "text corlen move 118 155",
                "text corlen change And I'm sick of staying\nin my house all day.",
                "wait goOnAdventure"
            ], "goOnAdventure": [
                "corlen face right",
                "text corlen move 118 170",
                "text corlen change I want to go on an adventure!",
                "wait comparisons"
            ], "comparisons": [
                "corlen face left",
                "text corlen move 118 155",
                "text corlen change And if a tiny human can survive\na Belloq encounter, I can too!",
                "wait dootdootdoot"
            ], "dootdootdoot": [
                "text ellipse display",
                "text corlen hide",
                "corlen face right",
                "wait puttingWordsInMouth"
            ], "puttingWordsInMouth": [
                "text corlen display",
                "text ellipse hide",
                "text corlen move 118 170",
                "text corlen change See, Ellipse approves!",
                "corlen face left",
                "wait mooooreDoots"
            ], "mooooreDoots": [
                "text ellipse display",
                "text corlen hide",
                "corlen face right",
                "wait leadDahWay"
            ], "leadDahWay": [
                "corlen face left",
                "text corlen display",
                "text ellipse hide",
                "text corlen change Alright, blue human, lead the way!",
                "wait finish"
            ], "finish": [
                "text corlen hide",
                "corlen face right",
                "player controllable",
                "player jump can"
            ]
        }
    },

    "Ruins": {
        "backgroundAnim": {"path": "res/cutscenes/ruins.png", "room": 0},
        "start": {
            "ellipse": {"pos": [0, 192], "room": 0},
            "corlen": {"pos": [0, 192], "room": 0},
            "player": {"pos": [0, 192]}
        },
        "time_commands": {
            "0": [
                "player uncontrollable",
                "delay 40 starty"
            ]
        },
        "conditionals": {
            "corlenStop": "corlen x > 60",
            "ellipseStop": "ellipse x > 200"
        },
        "cond_commands": {
            "starty": [ 
                "corlen walk right",
                "run corlenStop",

                "delay 30 ellipseStart"
            ],
            "ellipseStart": [
                "ellipse walk right",
                "run ellipseStop"
            ],

            "corlenStop": [
                "text create corlen",
                "text corlen move 68 170",
                "text corlen color 252 227 3",
                "text corlen display",
                "text corlen change What is this place?",
                "corlen walk still",
                "wait stopTalking"
            ], "stopTalking": ["text corlen hide"],
            
            "ellipseStop": [
                "ellipse walk still",
                "ellipse face right",
                "text create ellipse",
                "text ellipse change ...",
                "text ellipse move 208 170",
                "text ellipse color 255 255 255",
                "text ellipse display",
                "delay 20 ellipseLeft"
            ], "ellipseLeft": [
                "ellipse face left",
                "delay 20 ellipseRight"
            ], "ellipseRight": [
                "ellipse face right",
                "delay 20 ellipseSecondLeft"
            ], "ellipseSecondLeft": [
                "ellipse face left",
                "delay 20 ellipseSecondRight"
            ], "ellipseSecondRight": [
                "ellipse face right",
                "wait thinking"
            ], "thinking": [
                "text ellipse hide",
                "corlen face left",
                "text corlen display",
                "text corlen move 68 155",
                "text corlen change Human, I think\nthis is...",
                "wait won'tSay"
            ], "won'tSay": [
                "text corlen move 68 170",
                "text corlen change No, I won't say it.",
                "wait continue"
            ], "continue": [
                "corlen face right",
                "text corlen change Let's continue.",
                "player controllable",
                "wait hideyTexty"
            ], "hideyTexty": [
                "text corlen hide"
            ]
        }
    },

    "Blank": {
        "start": {
            "player": {"pos": [0, 192]},
            "corlen": {"pos": [50, -50], "room": 0},
            "ellipse": {"pos": [50, -50], "room": 0}
        },
        "time_commands": {
            "0": [
                "player controllable",
                "player jump not",
                "run playerMoved"
            ]
        },
        "conditionals": {
            "playerMoved": "player x > 90",
            "testIfFaded": "fade done",
            "crystalsCollected": "crystals is True",
            "crystalsNot": "crystals is False"
        },
        "cond_commands": {
            "playerMoved": [
                "player uncontrollable",
                
                "text create corlen",
                "text corlen color 252 227 3",
                "text corlen display",
                "text corlen change Hey! Ellipse? Blue\nhuman? Where are you???",
                "text corlen move 70 155",

                "text create ellipse",
                "text ellipse move 192 175",

                "wait corlenStopSpeaking"
            ], "corlenStopSpeaking": [
                "text corlen hide",
                "fade 2 res/characters/ellipse/big_head.png",
                "run testIfFaded"
            ],

            "testIfFaded": [
                "run crystalsCollected once",
                "run crystalsNot once"
            ],

            "crystalsCollected": [
                "text ellipse display",
                "text ellipse change Keep obtaining the crystals.",
                "wait secret"
            ],
            
            "secret": [
                "text ellipse change There is a secret you do not know.",
                "wait showYou"
            ],

            "crystalsNot": [
                "text ellipse display",
                "text ellipse change You do not understand.",
                "wait showYou"
            ],

            "showYou": [
                "text ellipse change I shall show you.",
                "wait backToNormal"
            ], "backToNormal": [
                "fade clear",
                "text ellipse hide",
                
                "corlen teleport 50 192",
                "corlen face right",

                "ellipse teleport 340 192",
                "ellipse face left",

                "delay 70 corlenQuestion"
            ], "corlenQuestion": [
                "text corlen move 58 170",
                "text corlen change Ellipse?",
                "text corlen display",
                "wait anotherCorlenQuestion"
            ], "anotherCorlenQuestion": [
                "text corlen change What was that?",
                "wait ellipseLeave"
            ], "ellipseLeave": [
                "text corlen hide",
                "ellipse walk right",
                "delay 100 corlenDots"
            ], "corlenDots": [
                "text corlen change ...",
                "text corlen display",
                "wait end"
            ], "end": [
                "text corlen hide",
                "player controllable",
                "player jump can"
            ]
        }
    },

    "Into Dark": {
        "start": {
            "player": {"pos": [0, 128]},
            "corlen": {"pos": [-24, 128], "room": 0},
            "ellipse": {"pos": [-48, 128], "room": 0}
        },
        "time_commands": {
            "0": [
                "player walk right",   "run playerStop",
                "ellipse walk right",  "run ellipseStop",
                "corlen walk right",   "run corlenStop"
            ]
        },
        "conditionals": {
            "playerStop": "player x > 100",
            "ellipseStop": "ellipse x > 76",
            "corlenStop": "corlen x > 124"
        },
        "cond_commands": {
            "playerStop": ["player walk still"],
            "ellipseStop": ["ellipse walk still"],
            "corlenStop": [
                "corlen walk still",
                "corlen face left",

                "text create corlen",
                "text corlen color 252 227 3",
                "text corlen move 134 106",
                "text corlen change Wow, that was disturbing.",
                "text corlen display",

                "wait stopity"
            ], "stopity": [
                "text corlen hide",
                "delay 20 teethy"
            ], "teethy": [
                "text corlen change Did you see its teeth??",
                "text corlen display",
                "wait ellipseDotsss"
            ], "ellipseDotsss": [
                "text corlen hide",

                "text create ellipse",
                "text ellipse move 86 106",
                "text ellipse change ...",
                "text ellipse display",
                
                "wait neverAgain"
            ], "neverAgain": [
                "text corlen change I never want to go there again...",
                
                "text corlen display",
                "text ellipse hide",

                "wait smoahDots"
            ], "smoahDots": [
                "text ellipse display",
                "text corlen hide",

                "wait turnRight"
            ], "turnRight": [
                "text ellipse hide",
                "corlen face right",
                "text corlen change The next area looks less...",
                "text corlen display",
                "wait difficult"
            ], "difficult": [
                "text corlen change Difficult.",
                "wait careful"
            ], "careful": [
                "corlen face left",
                "text corlen change We should be careful.",
                "wait never"
            ], "never": [
                "text corlen change I've never been this\nfar from home before.",
                "text corlen move 134 91",
                "wait finishUp"
            ], "finishUp": [
                "text corlen hide",
                "corlen face right",
                "player controllable"
            ]
        }
    },

    "Light Ahead": {
        "start": {
            "player": {"pos": [0, 128]},
            "corlen": {"pos": [-24, 128], "room": 0},
            "ellipse": {"pos": [-48, 128], "room": 0}
        },
        "time_commands": {
            "0": [
                "player walk right",   "run playerStop",
                "ellipse walk right",  "run ellipseStop",
                "corlen walk right",   "run corlenStop"
            ]
        },
        "conditionals": {
            "ellipseStop": "ellipse x > 100",
            "playerStop": "player x > 120",
            "corlenStop": "corlen x > 144"
        },
        "cond_commands": {
            "playerStop": ["player walk still"],
            "ellipseStop": ["ellipse walk still"],
            "corlenStop": [
                "corlen walk still",
                "corlen face left",

                "text create corlen",
                "text corlen color 252 227 3",
                "text corlen move 154 106",
                "text corlen change That area was disturbing.",
                "text corlen display",

                "wait didYouSee"
            ], "didYouSee": [
                "text corlen change Did you see all those red-",
                "wait interuption"
            ], "interuption": [
                "text corlen hide",

                "text create ellipse",
                "text ellipse change ...",
                "text ellipse move 110 106",
                "text ellipse display",

                "wait ?"
            ], "?": [
                "text corlen change Ellipse?",
                "text corlen display",
                "text ellipse hide",
                "wait ..."
            ], "...": [
                "text ellipse display",
                "text corlen hide",
                "wait whatHappened"
            ], "whatHappened": [
                "text corlen move 154 91",
                "text corlen change Human? What happened in\nthe room before the boss?",
                "text ellipse hide",
                "text corlen display",
                "wait doot.doot.doot"
            ], "doot.doot.doot": [
                "text corlen hide",
                "text ellipse display",
                "wait nevahMind"
            ], "nevahMind": [
                "text corlen move 154 106",
                "text corlen change Nevermind.",
                "text corlen display",
                "text ellipse hide",
                "wait nextArea"
            ], "nextArea": [
                "corlen face right",
                "text corlen change The next area looks less...",
                "wait ominous"
            ], "ominous": [
                "text corlen change Ominous. Less ominous.",
                "wait finish"
            ], "finish": [
                "text corlen hide",
                "player controllable"
            ]
        }
    },

    "Signs": {
        "start": {
            "player": {"pos": [0, 144]},
            "corlen": {"pos": [-24, 144], "room": 0},
            "ellipse": {"pos": [-48, 144], "room": 0}
        },
        "time_commands": {
            "0": [
                "player walk right",   "run playerStop",
                "ellipse walk right",  "run ellipseStop",
                "corlen walk right",   "run corlenStop"
            ]
        },
        "conditionals": {
            "playerStop": "player x > 192",
            "corlenStop": "corlen x > 288",
            "ellipseStop": "ellipse x > 264"
        },
        "cond_commands": {
            "playerStop": ["player walk still"],
            "ellipseStop": ["ellipse walk still"],
            "corlenStop": [
                "corlen walk still",
                "delay 40 rumbleOne"
            ], "rumbleOne": [
                "shake start",
                "delay 30 stopRumbleOne"
            ], "stopRumbleOne": [
                "shake stop",
                "delay 20 rumbleTwice"
            ], "rumbleTwice": [
                "shake start",
                "delay 30 stopRumbleTwice"
            ], "stopRumbleTwice": [
                "shake stop",
                "delay 30 thisIt"
            ], "thisIt": [
                "corlen face left",
                
                "text create corlen",
                "text corlen color 252 227 3",
                "text corlen move 296 122",
                "text corlen change This could be it.",
                "text corlen display",

                "wait somethingAhead"
            ], "somethingAhead": [
                "corlen face left",
                "text corlen move 296 107",
                "text corlen change There's something, or\nseveral somethings up ahead.",
                "wait turnBack?"
            ], "turnBack?": [
                "text corlen move 296 122",
                "text corlen change Should we turn back?",
                "wait noResponse"
            ], "noResponse": [
                "text corlen hide",
                "delay 120 oof."
            ], "oof.": [
                "text corlen change Sigh.",
                "text corlen display",
                "wait lastChance"
            ], "lastChance": [
                "text corlen move 296 107",
                "text corlen change This is our last\nchance to turn back.",
                "wait emptiness"
            ], "emptiness": [
                "text corlen hide",
                "delay 120 ellipseTalks"
            ], "ellipseTalks": [
                "text create ellipse",
                "text ellipse move 274 122",
                "text ellipse change ...",
                "text ellipse display",
                "wait stillNothing"
            ], "stillNothing": [
                "text ellipse hide",
                "text corlen change Still won't say\nanything, huh?",
                "text corlen display",
                "wait againDots"
            ], "againDots": [
                "text ellipse display",
                "text corlen hide",
                "wait thingsNeverChange"
            ], "thingsNeverChange": [
                "corlen face right",
                "text ellipse hide",
                "text corlen change Well, some things\nnever change.",
                "text corlen display",
                "wait finish"
            ], "finish": [
                "player controllable",
                "text corlen hide"
            ]
        }
    },

    "Void": {
        "start": {
            "player": {"pos": [0, 128]},
            "corlen": {"pos": [-24, 128], "room": 0},
            "ellipse": {"pos": [-48, 128], "room": 0}
        },
        "time_commands": {
            "0": [
                "player walk right",   "run playerStop",
                "ellipse walk right",
                "corlen walk right"
            ]
        },
        "conditionals": {
            "playerStop": "player x > 150",
            "ellipseHeadDone": "fade done",
            "finish": "fade done"
        },
        "cond_commands": {
            "playerStop": [
                "player walk still",
                "ellipse walk still",
                "corlen walk still",

                "text create corlen",
                "text corlen move 134 106",
                "text corlen color 252 227 3",
                "text corlen change Where are we?",
                "text corlen display",

                "delay 20 corlenLeft"
            ], "corlenLeft": [
                "corlen face left",
                "delay 40 corlenRight"
            ], "corlenRight": [
                "corlen face right",
                "wait ellipseDots"
            ], "ellipseDots": [
                "text corlen hide",

                "text create ellipse",
                "text ellipse move 110 106",
                "text ellipse change ...",
                "text ellipse display",

                "wait somethingWrong"
            ], "somethingWrong": [
                "text ellipse hide",
                "text corlen change I think we did something wrong.",
                "text corlen display",
                "wait nothing"
            ], "nothing": [
                "text corlen change There is nothing out here.",
                "wait waitForIt"
            ], "waitForIt": [
                "text corlen hide",
                "delay 60 ellipseFreakOut"
            ], "ellipseFreakOut": [
                "fade 2 res/characters/ellipse/big_head.png",
                "shake start",
                "run ellipseHeadDone",
                "ellipse teleport 0 20",
                "delay 20 anotherFreakOut"
            ], "anotherFreakOut": [
                "ellipse teleport 230 70",
                "delay 20 wooAnother"
            ], "wooAnother": [
                "ellipse teleport 134 39",
                "delay 20 weeee"
            ], "weeee": [
                "ellipse teleport 29 100",
                "delay 20 anotheree"
            ], "anotheree": [
                "ellipse teleport 300 60", 
                "delay 20 eee"
            ], "eee": [
                "ellipse teleport 50 200",
                "delay 20 sad"
            ], "sad": [
                "ellipse teleport 260 92",
                "delay 20 MORERANDOM"
            ], "MORERANDOM": [
                "ellipse teleport 130 200",
                "delay 20 AHHHH"
            ], "AHHHH": [
                "ellipse teleport 230 130",
                "delay 20 finalTeleport"
            ], "finalTeleport": [
                "ellipse teleport -16 -16"
            ],

            "ellipseHeadDone": [
                "text ellipse move 192 175",
                "text ellipse change You have failed...",
                "text ellipse display",
                "wait crystals"
            ], "crystals": [
                "text ellipse change Collect all crystals...",
                "wait restarting"
            ], "restarting": [
                "text ellipse move 192 160",
                "text ellipse change It's the only way\nto destroy them...",
                "wait fadeClear"
            ], "fadeClear": [
                "fade clear",
                "text ellipse hide",
                "delay 50 fadeBlack"
            ], "fadeBlack": [
                "fade 2 0 0 0",
                "run finish"
            ],

            "finish": ["end"]
        }
    },

    "True Ending": {
        "backgroundAnim": {"path": "res/cutscenes/corlen's_house.png", "room": 1},
        "start": {
            "player": {"pos": [314, 80]},
            "corlen": {"pos": [334, 80], "room": 0},
            "ellipse": {"pos": [358, 80], "room": 0},

            "belloq": {"pos": [-70, 5], "room": 0},
            "bigBite": {"pos": [-70, 75], "room": 0},
            "redStare": {"pos": [-81, 160], "room": 0},

            "c1": {"pos": [-16, -16], "room": 0, "tile": "c"},
            "c2": {"pos": [-16, -16], "room": 0, "tile": "c"},
            "c3": {"pos": [-16, -16], "room": 0, "tile": "c"},
            "c4": {"pos": [-16, -16], "room": 0, "tile": "c"},
            "c5": {"pos": [-16, -16], "room": 0, "tile": "c"},
            "c6": {"pos": [-16, -16], "room": 0, "tile": "c"},
            "c7": {"pos": [-16, -16], "room": 0, "tile": "c"},
            "c8": {"pos": [-16, -16], "room": 0, "tile": "c"},
            "c9": {"pos": [-16, -16], "room": 0, "tile": "c"},
            "c10": {"pos": [-16, -16], "room": 0, "tile": "c"},
            "c11": {"pos": [-16, -16], "room": 0, "tile": "c"},
            "c12": {"pos": [-16, -16], "room": 0, "tile": "c"},
            "c13": {"pos": [-16, -16], "room": 0, "tile": "c"},
            "c14": {"pos": [-16, -16], "room": 0, "tile": "c"},
            "c15": {"pos": [-16, -16], "room": 0, "tile": "c"},
            "c16": {"pos": [-16, -16], "room": 0, "tile": "c"},
            "c17": {"pos": [-16, -16], "room": 0, "tile": "c"},
            "c18": {"pos": [-16, -16], "room": 0, "tile": "c"},
            "c19": {"pos": [-16, -16], "room": 0, "tile": "c"},
            "c20": {"pos": [-16, -16], "room": 0, "tile": "c"},
            "c21": {"pos": [-16, -16], "room": 0, "tile": "c"}        
        },
        "time_commands": {
            "0": [
                "ellipse face left",
                "corlen face left",

                "belloq walk right",
                "run belloqDoneWalking"
            ],
            "20": [
                "bigBite walk right",
                "run bigBiteDoneWalking"
            ],
            "40": [
                "redStare walk right",
                "run redStareDoneWalking"
            ]
        },
        "conditionals": {
            "belloqDoneWalking": "belloq x > 20",
            "bigBiteDoneWalking": "bigBite x > 20",
            "redStareDoneWalking": "redStare x > 20",
            "crystalsFinished": "c21 == 192 8",
            "fadeBlueDone": "fade done",
            "corlenOffscreen": "corlen room == 1",
            "corlenBack": "corlen room == 0 and corlen x <= 334",
            "fadeFinished": "fade done",
            "fadeGoodbyeDone": "fade done"
        },
        "cond_commands": {
            "belloqDoneWalking": ["belloq walk still"],
            "bigBiteDoneWalking": ["bigBite walk still"],
            "redStareDoneWalking": [
                "redStare walk still",

                "c1 teleport 314 80",
                "c1 moveTo 176 0",
                "delay 10 c2Move"
            ], "c2Move": [
                "c2 teleport 314 80",
                "c2 moveTo 176 16",

                "text create corlen",
                "text corlen color 252 227 3",
                "text corlen move 330 58",
                "text corlen change What's going on??",
                "text corlen display",

                "wait ellipseTalk",
                "delay 10 c3Move"
            ], 
            
            "ellipseTalk": [
                "text corlen hide",

                "text create ellipse",
                "text ellipse move 366 58",
                "text ellipse change ...",
                "text ellipse display",

                "wait ellipseHide"
            ], "ellipseHide": [
                "text ellipse hide",
                "run crystalsFinished"
            ],
            
            "c3Move": [
                "c3 teleport 314 80",
                "c3 moveTo 176 32",
                "delay 10 c4Move"
            ], "c4Move": [
                "c4 teleport 314 80",
                "c4 moveTo 176 48",
                "delay 10 c5Move"
            ], "c5Move": [
                "c5 teleport 314 80",
                "c5 moveTo 176 64",
                "delay 10 c6Move"
            ], "c6Move": [
                "c6 teleport 314 80",
                "c6 moveTo 176 80",
                "delay 10 c7Move"
            ], "c7Move": [
                "c7 teleport 314 80",
                "c7 moveTo 176 96",
                "delay 10 c8Move"
            ], "c8Move": [
                "c8 teleport 314 80",
                "c8 moveTo 176 112",
                "delay 10 c9Move"
            ], "c9Move": [
                "c9 teleport 314 80",
                "c9 moveTo 176 128",
                "delay 10 c10Move"
            ], "c10Move": [
                "c10 teleport 314 80",
                "c10 moveTo 176 144",
                "delay 10 c11Move"
            ], "c11Move": [
                "c11 teleport 314 80",
                "c11 moveTo 176 160",
                "delay 10 c12Move"
            ], "c12Move": [
                "c12 teleport 314 80",
                "c12 moveTo 176 176",
                "delay 10 c13Move"
            ], "c13Move": [
                "c13 teleport 314 80",
                "c13 moveTo 176 192",
                "delay 10 c14Move"
            ], "c14Move": [
                "c14 teleport 314 80",
                "c14 moveTo 176 208",
                "delay 10 c15Move"
            ], "c15Move": [
                "c15 teleport 314 80",
                "c15 moveTo 192 200",
                "delay 10 c16Move"
            ], "c16Move": [
                "c16 teleport 314 80",
                "c16 moveTo 192 168",
                "delay 10 c17Move"
            ], "c17Move": [
                "c17 teleport 314 80",
                "c17 moveTo 192 136",
                "delay 10 c18Move"
            ], "c18Move": [
                "c18 teleport 314 80",
                "c18 moveTo 192 104",
                "delay 10 c19Move"
            ], "c19Move": [
                "c19 teleport 314 80",
                "c19 moveTo 192 72",
                "delay 10 c20Move"
            ], "c20Move": [
                "c20 teleport 314 80",
                "c20 moveTo 192 40",
                "delay 10 c21Move"
            ], "c21Move": [
                "c21 teleport 314 80",
                "c21 moveTo 192 8"
            ],

            "crystalsFinished": [
                "fade 3 166 198 255",
                "run fadeBlueDone"
            ],

            "fadeBlueDone": [
                "c1 teleport -16 -16 moveTo", "c2 teleport -16 -16 moveTo", "c3 teleport -16 -16 moveTo", "c4 teleport -16 -16 moveTo", "c5 teleport -16 -16 moveTo", "c6 teleport -16 -16 moveTo", "c7 teleport -16 -16 moveTo", "c8 teleport -16 -16 moveTo", "c9 teleport -16 -16 moveTo", "c10 teleport -16 -16 moveTo", "c11 teleport -16 -16 moveTo", "c12 teleport -16 -16 moveTo", "c13 teleport -16 -16 moveTo", "c14 teleport -16 -16 moveTo", "c15 teleport -16 -16 moveTo", "c16 teleport -16 -16 moveTo", "c17 teleport -16 -16 moveTo", "c18 teleport -16 -16 moveTo", "c19 teleport -16 -16 moveTo", "c20 teleport -16 -16 moveTo", "c21 teleport -16 -16 moveTo",

                "belloq teleport -70 5",
                "bigBite teleport -70 75",
                "redStare teleport -80 160",
                "delay 30 clear"
            ], "clear": [
                "fade clear",
                "delay 30 didWe"
            ], "didWe": [
                "text corlen move 342 58",
                "text corlen change Did we-",
                "text corlen display",

                "wait hidey"
            ], "hidey": [
                "text corlen hide",
                "delay 10 didWeJust"
            ], "didWeJust": [
                "text corlen change Did we just...",
                "text corlen display",

                "wait anotherHidey"
            ], "anotherHidey": [
                "text corlen hide",
                "delay 10 defeatBelloq"
            ], "defeatBelloq": [
                "text corlen move 327 58",
                "text corlen change Defeat the Belloq??",
                "text corlen display",
                "wait ellipseeedot"
            ], "ellipseeedot": [
                "text corlen hide", 
                "text ellipse display",
                "wait didIt!"
            ], "didIt!": [
                "text ellipse hide",
                "text corlen move 335 58",
                "text corlen change We... We did it!",
                "text corlen display",
                "wait ellipseExclamationMark"
            ], "ellipseExclamationMark": [
                "text corlen hide",
                "text ellipse change ..!",
                "text ellipse display",
                "wait wait"
            ], "wait": [
                "text ellipse hide",
                "corlen face right",
                "text corlen move 342 58",
                "text corlen change Wait,",
                "text corlen display",
                "wait whatOutThere"
            ], "whatOutThere": [
                "text corlen move 328 58",
                "text corlen change What's out there?",
                "wait checky"
            ], "checky": [
                "text corlen hide",
                "corlen walk right",
                "run corlenOffscreen"
            ],

            "corlenOffscreen": [
                "delay 60 walkBack"
            ], "walkBack": [
                "corlen walk left",
                "run corlenBack"
            ],

            "corlenBack": [
                "corlen walk still",
                "text corlen move 323 43",
                "text corlen change There is nothing,\njust an endless void.",
                "text corlen display",

                "wait dots"
            ], "dots": [
                "text ellipse change ...",
                "text corlen hide",
                "text ellipse display",
                
                "wait whatDoNow"
            ], "whatDoNow": [
                "text ellipse hide",
                "text corlen move 330 43",
                "text corlen change So what should\nwe do now?",
                "text corlen display",

                "wait moreDots"
            ], "moreDots": [
                "corlen face right",
                "text corlen hide",
                "text ellipse display",

                "wait neitherTalk"
            ], "neitherTalk": [
                "text ellipse hide",
                "text corlen move 325 43",
                "text corlen change Right, I forgot\nneither of you talk.",
                "text corlen display",

                "wait myPlace"
            ], "myPlace": [
                "text ellipse hide",
                "corlen face left",
                "text corlen move 323 28",
                "text corlen change I guess we should\njust head back to\nmy place then...",
                "text corlen display",

                "wait fadeBlack"
            ], "fadeBlack": [
                "text corlen hide",
                "fade 2 0 0 0",
                "run fadeFinished"
            ],

            "fadeFinished": [
                "fade clear",

                "text corlen hide",

                "music OneLastDayInParadiseV2",

                "ellipse room 1", "ellipse teleport 137 177",
                "ellipse face right",
                "corlen room 1", "corlen teleport 322 192",
                "player room 1", "player teleport 141 192",

                "text createMovable creditsTitle",
                "text creditsTitle move 192 224",
                "text creditsTitle change - Credits -",
                "text creditsTitle moveTo 192 -20",
                "text creditsTitle display",
                
                "delay 120 programmingCredits"
            ], "programmingCredits": [
                "text createMovable programming",
                "text programming move 192 224",
                "text programming color 0 255 0",
                "text programming change - Programming -",
                "text programming moveTo 192 -20",
                "text programming display",

                "delay 60 programmingNames"
            ], "programmingNames": [
                "text createMovable programNames",
                "text programNames move 192 224",
                "text programNames change Matthew J.",
                "text programNames moveTo 192 -20",
                "text programNames display",

                "delay 100 levelDesign"
            ], "levelDesign": [
                "text createMovable lvlDesign",
                "text lvlDesign move 192 224",
                "text lvlDesign color 0 255 255",
                "text lvlDesign change - Level Design -",
                "text lvlDesign moveTo 192 -20",
                "text lvlDesign display",

                "delay 60 lvlDesignNames"
            ], "lvlDesignNames": [
                "text createMovable lvlDesignNames",
                "text lvlDesignNames move 192 224",
                "text lvlDesignNames change Nolan K.",
                "text lvlDesignNames moveTo 192 -20",
                "text lvlDesignNames display",

                "delay 100 artwork"
            ], "artwork": [
                "text createMovable artwork",
                "text artwork move 192 224",
                "text artwork color 255 255 0",
                "text artwork change - Artwork -",
                "text artwork moveTo 192 -20",
                "text artwork display",

                "delay 60 artworkNames"
            ], "artworkNames": [
                "text createMovable artworkNames",
                "text artworkNames move 192 224",
                "text artworkNames change Lead: Andrew J.\nNolan K.\nMatthew J.",
                "text artworkNames moveTo 192 -60",
                "text artworkNames display",

                "delay 170 music"
            ], "music": [
                "text createMovable music",
                "text music move 192 224",
                "text music color 255 255 0",
                "text music change - Music/Audio - ",
                "text music moveTo 192 -20",
                "text music display",

                "delay 60 musicNames"
            ], "musicNames": [
                "text createMovable musicNames",
                "text musicNames move 192 224",
                "text musicNames change Lead: Andrew J.\nNolan K.\nMatthew J.",
                "text musicNames moveTo 192 -60",
                "text musicNames display",

                "delay 240 thankYou"
            ], "thankYou": [
                "text createMovable thanks",
                "text thanks move 192 224",
                "text thanks change - Thank you for playing! -",
                "text thanks moveTo 192 -20",
                "text thanks display",

                "delay 730 adventureFinished"
            ], "adventureFinished": [
                "text corlen move 330 155",
                "text corlen change That's this\nadventure finished.",
                "text corlen display",

                "wait Fun"
            ], "Fun": [
                "text corlen move 330 170",
                "text corlen change That was fun!",
                "wait ELLIPSETALKSWOOWOOWW"
            ], "ELLIPSETALKSWOOWOOWW": [
                "text corlen hide",

                "text ellipse move 145 155",
                "text ellipse change Yeah it was!",
                "text ellipse display",

                "wait corlenExclamationMarks"
            ], "corlenExclamationMarks": [
                "text ellipse hide",

                "text corlen move 330 170",
                "text corlen change !!!",
                "text corlen display",

                "wait nextOne??"
            ], "nextOne??": [
                "text corlen hide",

                "text ellipse change Time for the next one...",
                "text ellipse display",

                "wait fadeGoodbye"
            ], "fadeGoodbye": [
                "text ellipse hide",
                "fade 2 0 0 0",
                "run fadeGoodbyeDone"
            ],

            "fadeGoodbyeDone": ["end"]
        }
    }
}